text,label,notes
"Just rewatched Willy Wonka and The Chocolate Factory (1971) and forgot how ridiculous it is before they even get to the factory tour.
Discussion
I've (33) watched this movie probably 20 times in my life, but I sat down today and intentionally watched it for the first time in about a decade. I always loved it because it's so silly, but most of the parts I'd attribute to its silliness were always from the factory tour and I forgot how great the first half of the movie is.

The guy who built a machine to calculate the location of the remaining golden tickets, and the machine spits out a response saying it won't help the man cheat and ""what would a machine do with a lifetime supply of chocolate?""

The fancy auction in the UK where the Queen bids $5k for a case of Wonka bars.

The lady whose husband gets kidnapped and The kidnappers call and say the ransom is a box of Wonka bars, and the wife asks if she can have time to think on it.

The guy who tells his shrink that the Archangel visited his dreams and told him the location of a ticket.

Charlie's math teacher Mr. Turkentine saying ""I've decided to switch our Friday schedule to Monday which means that the test we take each Friday on what we learned that week will now take place on Mondays before we've learned it.""

The math teacher also not being able to figure out 2/1000 as a %, then proceedes to butcher the explanation of calculating percents.

Slugworth showing up in any country the second a ticket is found, including inside Mike Teevee's house.",reaction,lists scenes but mode is nostalgic enthusiasm not argument
"I accidentally activated the audio narration while watching The Naked Gun. Didn't notice something was wrong
Discussion
Watching the naked gun on prime. Somewhere after the halfway mark i accidentally turned on narration feature.

I'll be honest people, i genuinely thought it was part of the damn film. It fit freaking perfectly. Had that noir narration feel just enhanced to the level of it being a bit taken long enough to be funny. Didn't realise until a good 20 minutes later",reaction,
"What is a movie that ""broke"" you so hard you can only watch it once, but you would still recommend it to everyone?
Question
We’ve all had that experience. You finish a movie, the credits roll, and you just sit there in silence for ten minutes staring at the wall. You know you just watched a literal masterpiece, so just spit out the name palllllll.

For me, it’s about that emotional hangover. You feel different after the movie ends like your perspective on humanity or history has shifted slightly. I recently had this feeling after finally sitting down to watch Schindler's List. I knew it would be heavy, but I wasn't prepared for how much it would drain me. It’s a 10/10, but I don't think I can ever press play on it again.

I’ve also been diving into Nuremberg, and it’s the same feeling. Seeing the raw reality of justice and the darkness humans are capable of is fascinating but mentally taxing. It makes you realize that cinema isn't just for entertainment; sometimes it's a necessary, painful mirror.",reaction,has brief observation at end but dominant mode is emotional response
"I re-watched The Arrival (2016), and it's probably the most meaninfull movie I've ever watched.
Review
I re-watched The Arrival (2016), and it’s probably the most meaningful movie I’ve ever watched. Now in my late 30s, it sounds cliche, but it hits with a different weight compared to when I first watched it 10 years ago.

Arrival is one of the rare science-fiction films that treats intelligence, empathy, and restraint as its true spectacles. Beneath its fucking amazing and moody visuals and measured pacing lies a meditation on language as a technology, one capable of reshaping not just communication but cognition itself. Villeneuve avoids the genre’s usual obsession with conquest or catastrophe, grounding the encounter instead in linguistics, uncertainty, love, and grief.

That idea mirrors real life as you age. By this point, you’ve learned that understanding does not come without cost. The film’s most unsettling truth is not that the visitors are unknowable, but that truly understanding them permanently alters how time, choice, and loss are experienced. At this point in life, you recognise these patterns in your own life, relationships, careers, and love. You see how earlier decisions quietly encoded both joy and pain, and how awareness doesn’t free you from consequence, it deepens it.

In that sense, Arrival is less about extraterrestrials than about maturity. It asks whether knowledge, love, and connection are still worth pursuing when you can already foresee their endings. The film’s answer feels profoundly adult: meaning isn’t found in avoiding loss, but in choosing fully, consciously, even when the outcome is known.",critique,"opens with personal rewatch framing but majority is thematic argument, good edge case between reaction and critique"
"Watched The Wolf of Wall Street again yesterday and something clicked about how Scorsese tells the story
Discussion
It feels like the entire movie is shot from inside Jordan Belfort’s head. All the excess, the money, drugs, parties, sex is exaggerted to the point of absurdity. Meanwhile the truly dark consequencs never feel as brutal as they realistically were. Scorsese easily could’ve shown the damage in a far more disturbing, grounded way, but he doesn’t. And I think that choice is deliberate.

The “I drove home safely” scene is the clearest example. In Belfort’s mind, he’s a genius who kept it together. Then we see the actual reality total destruction. That one scene tells you everything, the movie isn’t showing the world as it is, but as belfort believes it to be.

That’s why the film feels like its “glorifying” the lifestyle. It’s not Scorsese glorifyng it its belfort. We’re stuck inside his delusion the whole time. The highs look incredible because he thinks they were. The lows feel softened because he never processed the harm he caused.

And then there’s the final scene, which I honestly think is a masterpiece. Belfort is reduced to giving sales seminars, but Scorsese frames it like he’s still the king he imagines himself to be. What hit me the most was the audiences faces all staring at him with this mix of hope, desperation, and admiration. It’s Scorseses final punchline that belfort may have fallen, but the world is still eager to be sold the same dream.

The cycle continues, and people still want what he represents even after seeing how hollow and destructive it is.

To me, that ending recontextualizes the whole movie. It’s not just a story about Belfort. Its about the audience both in the film and in real life who are still drawn to the fantasy he built.

Edit: A few people pointed out that this idea is already established in the very first shot where jordan corrects the color of the car. And yeah, that absolutely sets the rule for the whole movie.

But that’s not exactly what I meant. im talking about how Scorsese goes beyond that one meta moment. He builds an entire visual language around Belfort’s warped perception. It’s not just that Jordan changes tiny details, the whole world is filmed the way he wants to remember it, almost like reality is bending itself around his fantasy.

And the irony is that the truth only breaks through in brief, jarring bursts like the real version of the driving scene, Naomi throwing water on him, the yacht sinking moments where Scorsese essentially grabs the camera back from Jordan and shows the objective version of events.

so yes, that first shot establishes the rule.
but what im pointing at is the way Scorsese keeps that rule alive throughout the entire film, basically letting us watch a movie that feels codirected by jordans own delusions. Thats why the excess feels so shiny, why the darkness feels blunted, and why the whole thing plays like one long, unreliable flashback.",critique,
"Everything Everywhere All at Once… This Movie Just Changed My Life
Discussion
I decided to watch this movie on a whim and wow. I have NO idea what I just watched but I have not had a movie make me feel every emotion possible. The absurdity and chaotic nature was really hard to keep up with at first and make sense of. I’m assuming that was by design to get you on your heels.

And then all of a sudden the tone shifts. I experienced confusion, laughter, pain, sadness. This movie made me re-evaluate my relationships and how I can be a better person. It made me consider the energy I put into the world and the effect it has. It made me feel pain and bring back memories I was not prepared for.

This insane rollercoaster has absolutely changed my life and I am grateful I gave it a shot.

Edit: Any recommendations for similar movies, shows, books, etc.?",reaction,
"Movies that quietly trust the audience and never explain themselves
Discussion
Some movies don’t stop to explain themselves. They move forward and assume you’re watching closely. Characters don’t always say what they feel.

Scenes don’t always resolve in neat ways. You’re expected to read between the lines.

No Country for Old Men does this in a very deliberate way. Important events happen without buildup or explanation. Violence arrives suddenly and leaves just as fast. The film never tells you what it all means. It just places you in that world and lets you sit with the consequences.

Then there’s Lost in Translation. Almost nothing in it is spelled out. The connection between the characters' lives in small gestures, half conversations and shared silence. You understand what’s going on because you’ve probably felt it yourself at some point.

What I like about movies like these is how they stay with you. You think about them later. You replay scenes in your head. On a second watch, things land differently because you’re bringing more of yourself into it.

I’m curious which films made you feel this way. Movies that trusted you enough to stay quiet and let you do some of the work.",reaction,
"Friendship pissed off my whole family
Discussion
Back when the movie released in theaters, I watched it in a crowded AMC with a friend and absolutely loved it. I was not familiar with Robinson’s work, but I loved the absurdity and awkwardness. I think my initial reaction was also influenced by the energy of the theater, which was full of cackles and laughs throughout most of the movie. I got home and thought “man, my husband would have loved that.”

So 2 months ago I made him watch it with me, thinking he’s for sure going to be laughing the entire time just as me and the whole theater were - and he absolutely hates it. Halfway through he’s like, “does it get better?” And I was like “I mean… No… but it’s good!” But by that point I was also feeling completely different about this movie too. The experience of watching it in my apartment next to my extremely unsettled husband was of course a big vibe shift, but I admittedly was also more uncomfortable this time around. But I’m thinking ‘no it’s good I remember laughing so much we HAVE to stick it out.’ Anyways, it ends, and my husband is just sick of it. Like it emotionally drained him, and ruined his mood. And I felt terrible, and weirdly similar.

What I had forgotten was that I had messaged my family after my experience watching it in theaters, of course giving it a glowing review lmao

Well now it’s on HBO Max, so my mom tells me she sat my brother and dad down and watched it - and they all had the same reaction as my husband. Just HATED it.

My mom is messaging me through the whole thing going “your brother couldn’t stand 15 months and went to bed”, “your dad is taking a break - does it get any better?”, “he just licked the toad”, “this is an extremely weird movie why did you tell us to watch this”, “your dad is genuinely mad”, and finally, my favorite message

“That movie put everyone in a mood We are all moody now I’m going to bed “

The last time a movie got a reaction like this from my family the movie was Hereditary. Although I feel bad for pissing everyone off, I do find it pretty incredible that a comedy movie could make so many people feel so deeply uncomfortable that it psychologically impacts them to such a degree, and I just needed to share this with someone. What did you think of this movie lol?",reaction,
"TENET Blew Me Away.
Discussion
I finally watched TENET, and I'm blown away how one of my favorite directors could make such a poor film.

When TENET first came out, I missed in in theaters, but tried to watch it at home. I lasted maybe 30 minutes, but was so confused and bored, I stopped watching it.

I finally decided to watch it in full, properly, thinking maybe I just wasn't in the right headspace at the time.

And for those that might say the film would have been better if it was experienced in IMAX or theatres, I did watch it on a fairly decent setup. 4K Bluray/UB820, LG G5 Oled + Q990D. I fully appreciate the theater experience, but I don't think it would in any way change my feelings.

And after 2.5 hours, I think it's the worst film Nolan has ever made, a director who's films I've generally loved.

Interstellar is one of my favorite films of all time, and I've loved his other films like Memento, Dunkirk, Inception, Batman Trilogy, Oppenheimer, etc... Almost without fail, his films have been complex spectacle with fantastic writing and an emotional core that carried the films.

TENET was none of those things, IMO.

TENET is far too complex for it's own good, and even after fully understanding the different flows of time the characters are going through, it's just a bad story. It's complexity for the sake of complexity, without serving the actual story.

There are precisely 0 characters you care about, there is no emotional core to the film, at all. The final ""idea"" of the film that Neil and the Protag had this great friendship in two different directions was cool, but it was never earned.

I thought John David Washington's performance was pretty awful, he has the charisma of a wet paper bag, and the writing of the film does him no favors. I've liked him in other roles, so I would put more of this on the writing than him to some degree. The writing in general for all the dialog was AWFUL. People talk like CHAT GPT robots, in unnatural ways.

I at least thought the action spectacle would be worth the price of admission, but I thought it was pretty disjointed and unemployable to watch. The fights where people going forward through time were fighting people going backwards just looked disjointed, and unappealing to watch.

Some of the music was kind of cool, but it felt more like soundscapes than a true OST.

Overall, the entire film felt more like an ""idea"" than an actual film, it was insanely disappointing.",reaction,
"Big Fish got me good, but it’s the father/son dynamic that hit. It is my favourite movie, I’ve probably watched it at least 10 times, I used to be able to repeat most of the movie by heart. But I have not been able to watch it since my dad suddenly died 11 years ago. Just thinking about it makes me tear up.",reaction,
"David Lynch’s The Elephant Man.

A bunch of us soldiers drove thirty miles to Waikiki to see it. On the way, we were a rowdy bunch of young guys.

Returning home, no one spoke. It took a week before I felt normal again. Much like the Japanese say about climbing Mount Fuji, a wise man climbs it once, but only a fool climbs it twice.",reaction,
"Grave of the Fireflies (1988) is an animation movie, but it literally broke me after finishing it!!


Upvote
4.3K

Downvote

Reply

",reaction,
"Eternal Sunshine of the Spotless Mind. Amazing movie, but it hurt in a very real way. Absolutely worth watching but I'm not going to see it again.",reaction,
"Threads-I watched this when it first aired, which was a mistake for a ten year old.

I've owned it on DVD twice, as well as blu ray, and every time it gets repeated I start to watch it... And every single time as soon as the bombs drop I have to turn it off. I just can't.

Such an important and powerful film, but the most horrifying and realistic way that civilisation will end I've ever seen. Zombies I can watch as it's just so unrealistic, but Threads... The way things are going, it could happen today, and there's not a god damn thing we could do about it.

Only thing I've seen where I think ""well, if that happened, I'd be better off dead, as there's no hope, no relief, no rescue, and nothing to live for""",reaction,
"The Florida Project. Fantastic fucking film, but it's hard to watch more than once. Similar logic could be applied to Room.",reaction,
"I've only seen The Never Ending Story once in elementary school. I'm 41 now, and still haven't gone back to it, mainly due to the swamp of despair, or whatever it was called. However, I do remember it being a really good movie.",reaction,
"Surprised I haven’t seen anyone post about Sophie’s Choice.

I saw that before I had kids and even then I knew I could never watch that again. I’ve never recovered.",reaction,
Hachi: A Dog’s Tale I was trying to remember the name of this while I was scrolling. Easily the most devastating dog movie of all time and not in the way anyone’s expecting here,reaction,
"""Full Metal Jacket"" it was intense and I watched it the night before going into Army bootcamp at 18 years old. Didn't sleep the whole first two nights of basic.


",reaction,
"I couldn’t sleep last night/this morning so I watched Hamnet not knowing much about it. I’m a 48 year old father of three nearly adult kids and this movie broke me this morning. Not manly tears, like embarrassing sobbing sitting on my couch in the dark with my dogs looking at me all ashamed for me.",reaction,
"
Onward utterly wrecked me in the theater. I lost my dad when I was a kid, and the movie is about two brothers on a quest to have one last conversation with their late father. So it absolutely hit ALL of my childhood struggles and pains. 

It was so good. And once is enough. ",reaction,
"Boys Don’t Cry. Such an extremely hard movie to watch, especially knowing it’s a true story. I cried my eyes out at the end. 

Also, another true but tragic movie, The Matthew Shepard Story. I get teared up to this day remembering when it happened. 

Two true stories about two human beings just trying to live life as their true selves. It’s extremely sad that some people to this day still garner so much hate for the lgbtq+ community. No one should have to look over their shoulders fearing how their sexuality could possibly provoke someone into killing them. ",reaction,
Blue Valentine - I’ve seen this movie so many times but I’m also a glutton for pain and love Ryan Gosling and Michelle Williams. They are so good in this movie.,reaction,
"Irreversible.

The effects on the fire extinguisher scene deserve an award that should be immediately buried forever.",reaction,
"AI, with Haley Joel Osmet. Fucking heartbreaking. The first time I saw this was in the theater with a group of friends. Everyone was bored and complaining, so I didn’t get into it and thought it was kinda lame. Then I met my partner and the whole family spoke about how they sobbed so hard. I didn’t think we were talking about the same movie. Re-watched it and sobbed so hard.",reaction,
"Big Fish.

Oh, and M. I was tripping balls on acid and I basically had a religious experience during the trial scene. I know a rewatch will never live up to that.",reaction,
"An American Tale. As a parent, watching another parent lose a child and then have them reunite really hits the feelings.

Or Deep Impact and watching the parents send their kids off to survive and face their own death.",reaction,
"Groundhog day. When you watch it as a kid you think 'oh cool he's in a timeloop, he can get the girl with the cool stuff he learns' 

As an adult you realise that he was basically cursed and blessed as a quasi immortal in a timeloop in which he could play god without consequences, got depressed because he stuck for what was at minimum decades and tried to kill himself plenty of times, the people around him effectively die to him every day when they get reset. Without any explanation whatsoever or a guarantee to be free if he gets the girl.",reaction,
Goofy Movie is a big change as an adult. I don’t even have kids but it still hits home imagining my dad in the goofy role and the ungrateful prick I was as a kid.,reaction,
"Election (1999) squeaks under the wire as a Nineties movie. This one came out during a glut of teen movies and was unfairly written off as being just another face on the bandwagon. Being made by MTV Studios didn't help its credentials either. Director Alexander Payne would later to on to critical acclaim with Sideways and Oscar gold with About Schmidt, but this early movie showed what he could do.

Perky overachiever from hell Tracy Flick (Reese Witherspoon, in a characterization many have compared to Hillary Clinton) is running unopposed for student president. Her long suffering social studies teacher Jim (Matthew Broderick) thinks that Tracy is an evil, manipulative liar. As his personal life crumbles, his desire to see Tracy fail once - just once - becomes an obsession that consumes him.",hot take,
"The Dark Knight: It felt to me like some kind of super-sized Big Mac, with many plot threads stacked up like greasy patties. By the time the movie detoured into “this guy might know Batman’s identity” or whatever, I started to wonder if maybe they could have tightened the script just a tad…

The boat scheme with the Joker feels thematically heavy-handed and trite. The film too often looks visually anemic (Bruce’s underground lair is so devoid of personality or distinguishing features that it’s almost hilarious). And the melodrama seems both over-the-top and half-hearted at the same time. Overall the film feels more like a checklist of themes than an immersive experience.

At a Q&A many years ago, Nolan was asked if he learned anything from the Burton films. He said something like… yes, he admired some of the 1989 original. When immediately asked about Batman Returns, he repeated that he admired some of the 1989 original. I find that an uncharitable response, especially since almost any given image in Returns is more compelling — or at least more weird and/or fascinating — than the lion’s share of TDK footage (though Pfister’s cinematography is very nice at times).",critique,
The Batman. Painfully boring and an hour too long,hot take,
The whole third act of Interstellar is a goddamn mess and I don't understand why every 25 year old film bro acts like it's the greatest movie ever made,hot take,
Sinners.... I just didn't get it. And it felt 30 minutes too long. Glad everyone else liked it.,hot take,
One Battle After Another. In the theater I felt like I must be watching a different movie than everyone else did. Like the projectionist was playing a prank on me. This can't be the real movie.,hot take,
"Pan's Labyrinth

The way the movie looks is absolutely perfection but I thought it was just okay.

I'd even go as far as say that the movie is completely forgetful if it wasn't for the excellent visuals and overall direction.",hot take,
"Parasite. It was fine (for me) and I didn’t hate it. I also can recognize it was a well done, tight script, but it just didn’t do anything for me.",hot take,
"Don't Look Up. Seemed like most people loved it. I could barely hang, but did finish watching.
Not that I disagreed with the ideas they were putting across, but it just seemed like too obviously a propaganda piece, which yanked me right out of it.",hot take,
"
Maybe not everyone, but The Lighthouse. Couldn't stay awake and never finished it.",hot take,
"I don't know if everyone loves it, but Rudy 😂

Some people see it as an inspirational story about hard work and persistence paying off or an underdog proving everyone wrong. In fact, way back in high school they showed that move and had Rudy come talk.

I'm not sure how they got all that out of it. I found it pretty pathetic, and the only real chance for ""inspiration"" would really come from that first star athlete that put his jersey down for Rudy IMO",hot take,
"The Shawshank Redemption. Boring and did not care for anybody in it. Also Everything, Everywhere All at Once, such absurd garbage.",hot take,
"I've rewatched Dark Knight 3 times. Once when it first came out in Imax, once on bluray, and one time on 4k. I hated it the first time, thinking it features poorly cut action sequences, hamfisted messaging around surveillance and the whole boat thing, and bloated by combining Two Face snd Joker without doing Two Face justice.

On rewatch, I disliked it a bit less as a tolerably Mediocre action film. Which is what it remains to me.

And note, I actually really liked Begins.",hot take,
"Whiplash - just watched it for the first time a week ago and nothing about it worked for me. I think people need to rewatch this movie because it really did not work for me in any way. Felt like a sports movie disguised as a jazz movie.

Edit: geez why I am I getting downvoted? I guess I didn’t really explain myself in the original post so here goes…

I think my issue with Whiplash is how cartoonish its idea of greatness is. The movie basically equates playing until you bleed with good drumming, which feels wildly reductive if you know anything about music. Suffering is not the same thing as mastery, but the film treats pain like proof of talent.

I also really dislike the underlying message that you need to be abused, or willingly submit to abuse, to be exceptional. That is a pretty toxic worldview, and the movie never seriously interrogates it. It mostly celebrates it.",hot take,
"I was excited to see Death of a Unicorn because of all the buzz about it and thought the concept was neat. And Paul Rudd! It was an okay movie at best. I'm not even sure why I think that, it just did nothing for me. It didn't flow at all to me and felt clumsy with the story.",hot take,
"Nosferatu (2024). I confess I am very annoying about Nosferatu (1922), but I hated how they made Ellen a ""chosen-one"" rather than a woman who decided to fight against Orlok, I hated how unsubtle Orlok was (fucking her outright, murdering kids in the middle of it, absolutely no subtlety like how Max Shreck could impart so much just by moving his finger), and I hated that they basically underplayed the plague/Empusa plot. I really like the Empusa plot.

Like, yeah it's a well-crafted film technically. Eggers is great for historical details. I just feel like it missed the point of what Murnau was going for with how he adapted Dracula, and also it was visually dark as hell and hard to parse*.

*I might just have bad vision so take that with a grain of salt. I struggle with very dark scenes or, as I've learned recently, 35mm artefacts.",hot take,
"i thought portrait of a lady on fire was boring and insipid, but maybe it would be different had i been born a woman",hot take,
"""Cloud Atlas"" comes to mind as I get folks not into the time jumping and actors as multiple characters. More recently, I do get why some folks would dislike ""Everything Everywhere All at Once"" as so wild (even if I do think the ones acting like its very existence is an affront to humanity is a bit much) and impossible to follow.",hot take,
Uncut Gems. I’ve noticed a lot of people say they get anxious from this movie. I absolutely love the vibe of the movie.,hot take,
"Annihilation.

I love the slow build and the eerie ambiance but I understand the ending is jarring and not for everybody.


",hot take,
"Pacific Rim is my favorite movie. I think it kicks ass. It's also completely ridiculous. My mom laughed at it the whole way through when I showed it to her, and I don't blame her.",hot take,
"
Arrival. It’s one of the most beautiful films I’ve ever seen but can fully understand why someone people might think it’s boring, schmaltzy shite.",hot take,
"Equilibrium. Have heard some people say it's cheesy or the story is cliche, but it remains one of my favorite action films. ",hot take,
"I adore the discursive, meandering, pontificating The Tree of Life, but completely understand why some people can’t do it.",hot take,
Skinamarink. It's either the scariest movie ever or the most boring movie ever based on what scares you and how you watch it.,hot take,
I think Prometheus is a good shout here. I love it but there are so many things to complain about,hot take,
"Sky Captain and the World of Tomorrow. I collect old pulp sci fi magazines and when this movie came out, I fell in love HARD. It was the first and only time I felt like someone had made a movie just for me.

But I can see how the style and setting could turn people off. It’s the kind of movie that is hard to sell to a wide audience—there aren’t enough people around who would appreciate it for what it is and what is was trying to do. And they’re probably all so old they no longer go to theaters.",hot take,
Poor things. The characters dialogues aesthetics message settings and the twisted comedy of it all...I just loved everything about it. But I would be weired out if everyone univeraally loved it like I did ngl. It's a weird movie,hot take,
Pain and Gain. Yes it's Michael Bay but the dark twisted humor of the film just lands for me. Its like a gym bros version of a Coen Brothers film. I totally understand why my other film fan friends can't stand it. ,hot take,
"The reverse. Watching Napoleon Dynamite is an hour and 45 minutes of my life I’ll never get back. It bored the hell out of me. Then I saw a “Vote for Pedro” button on a friend’s niece’s backpack and asked her why she liked it.

“I went to school with every one of those characters.”

GOT IT! I completely understand now. Im 58 now and literally I’m too old. But it’s the same reason Fast Times at Ridgemont High and pretty much every John Hughes movie hit so hard for me. I knew every one of those characters back in high school!",hot take,
"Tenet. I love the vibe, the music, the action, and I like the actors. I even like the story. But I get some of the complaints about the difficulty of the plot and hearing the dialog.

I turned off Everything Everywhere after about 30 minutes. It was just annoying to me. I remember being disappointed with Cloud Atlas but that was a long time ago. May give it a re-watch some time. ",hot take,
Marty Supreme. I know some people just can't get by the protagonist being such an assh*le,hot take,
"Primer 

I've seen it about 10 times and adore it and even almost understand some of it

I can fully understand why the general film watching public would be put off by the filming style, the budget and the complete absence of any audience hand holding though",hot take,
"Raw.

Horror is polarising at the best of times but it's especially bad when one gets hype and people are walking in expecting a lot.

On top of that Raw just isn't really what you expect it to be. Like okay, the movie does offer a degree of what you might hope for genre wise from the basic premise but it leans on the allegory aspects of it a lot harder than you expect and as a result I could see it feeling like it doesn't deliver on the actual horror elements enough.",hot take,
"
Starship Troopers

I loved it when I saw it on the big screen when I was 11 (my Dad let me watch a few movies that retrospectively maybe he shouldn’t have, but that is neither here nor there).

I still love it all these years later, even more so now that I fully understand what it was satirizing.

However I can totally understand why someone wouldn’t like it, especially if that person didn’t know it was supposed to be satire. It’s VERY campy, and the plot makes zero sense. Nor could I argue with someone who claimed that the whole concept was more than a little corny/cheesy.",hot take,
"Wonder Woman 1984. It’s a garbage movie and everyone knows it. But when I first saw it was about a month after my dad died, and the scene at the end with Max Lord telling his son that he just wanted him to be proud of him and his son telling him that he was already proud of him. I know it’s only because I was in a weakened emotional state, and wished that I could still tell my dad that I was proud of him, I genuinely cried for that awful awful movie.",hot take,
"I fucking love Cloud Atlas! I know it’s weird and has some issues but I find it beautiful. Also the soundtrack is amazing. I saw it with a couple and me and the boyfriend like it a lot but my other friend didn’t like the non-chronological story telling. She said she’d like it more if it was a series of short stories and we had to talk about why that kinda defeats the purpose of the movie.

I saw The Last Testament of Ann Lee and thought it was amazing. It is slow but I found it very interesting and enjoyed all the singing. The dancing is very cool as well. I saw it with my mom and I could tell she didn’t like it as much as me. It’s a musical but not quite in the traditional sense so I can see why some may not like it.",hot take,
"Only God Forgives. I get a kick out of seeing Gosling get emasculated, Kristen Scott Thomas hamming it up, the slow pace and beautiful cinematography. But I can see how one would not want to spend two hours like that. ",hot take,
"Spider-Man 3, I’ll always defend that movie with my heart but I 100% understand its flaws especially compared to the masterpieces that were the first two movies. Most of it is just nostalgia for me. I was 6 years old when S3 came out and it was the very first movie that I remember counting down the days for release and being legitimately hyped for and seeing it opening weekend. I kept the promo popcorn bucket for that movie for sooo long I wish I still had it. But I completely understand the hate it gets, I still personally love the entire trilogy.",hot take,
Castaway. I love it and think the writing and acting is great. But can see how people may see it ridiculous and boring.,hot take,
"Project Hail Mary: As with the previous adaptation of Weir’s work, it’s a film that gleefully presents basic scientific principles and logic clumsily sewn together with a story and outlook that feels very much like something an enterprisingly affable 15-year-old might come up with while daydreaming in Physics class. The film too often defaults to this sort of cringey geniality, a simplistic view of human emotional mechanics that renders the drama toothless. Like a warm-hearted kids’ Disney movie, you know full well things will turn out just fine for our heroes, and the galaxy they’re defending, because the film constantly telegraphs its cheerful intentions. It’s as if Lord and Miller (and Weir) are afraid of making the audience feel real anxiety or stress, so like a second-grade teacher explaining the concept of greenhouse gasses with their students, they work very hard to let all of us know everything will work out okay. It’s certainly not the worst quality in a film, but its lack of stress well belays its extended run time (156 mins), and makes for an unsatisfying experience: My parents saved the Cosmos and all I got was this lousy t-shirt.",critique,
"Project Hail Mary isn’t all that concerned with the science in its fiction; like the inverse of its slacker-cool scientist lead, the film is actually a schlubby buddy comedy dressed up in the finest hard sci-fi regalia that Amazon MGM could afford. It’s a far less nuts-and-bolts affair than The Martian, and a more frustratingly structured one thanks to the amnesia, but it doubles down on the astronaut charm offensive, flooding its sweet space odyssey not with big questions, but small signs of growth.",critique,
"""Project Hail Mary"" feels, in many ways, like a miracle of a movie. It combines the technical awe of “Gravity,” the problem-solving exhilaration and humor of “The Martian,” and the sweeping emotion of “Interstellar” into one film with its own unique style and charm, crafting a new science-fiction space epic that celebrates the bravery in all of us, our capacity to do the right thing in the face of overwhelming odds, and our faith in science to lead us toward a better future, whether it’s on Earth or somewhere far beyond it. Ryan Gosling delivers one of his finest performances in years, commanding what is essentially a one-man show that will have you laughing one moment and crying the next. Daniel Pemberton’s score is immaculate as it reaches for the stars and finds that transcendent quality that lifts the film into a state of pure wonder. The shifting aspect ratios of Greig Fraser’s camerawork bring both intimacy and scale in equal measure. All of these elements and more come together under the assured, visionary direction of Phil Lord and Chris Miller, who have brought a beloved book to the big screen in a crowdpleasing cinematic experience many will feel, cherish, and not soon forget.",critique,
"It’s an enjoyable, yet overly familiar, excursion. By disavowing narrative and aesthetic boundaries, “Project Hail Mary” struggles to become boundless. The harder the film tries, the more one feels pulled along rather than effortlessly transported. ",critique,
"The flashbacks badly hold the film back in the second act. In its mixture of lighthearted adventure and more thoughtful cosmic reflection, Project Hail Mary most resembles the original Star Trek films, especially the lighter The Voyage Home. The film shares with that series the indefatigable optimism of an earlier time when the genre reflected our broader hopes for the possibilities of science and the potential of humanity to not merely contact the other species of the universe but win their approval.",critique,
"Spielberg’s sci-fi movies have always been about more than just pure entertainment from the way his parents’ divorce influenced “Close Encounters of the Third Kind” and “E.T.” to how “WotW” can be read as a 9/11 allegory to the cautionary tales of “Jurassic Park” and “Minority Report,” which feels like a key influence here when it comes to themes of both destiny and control. With “Disclosure Day,” he’s less interested in the impact than the ripple effect. What would happen if we knew the truth? Would it unite us or divide us further? And what would happen to faith and religion if we discovered other “supreme beings”? Spielberg's career has long been one of embedding filmmaking confidence with human curiosity, and both elements are on full display here.",critique,
"“Disclosure Day” provides a canvas for Spielberg’s considerable filmmaking skills, with visual set pieces, thrilling action scenes — including a pulse-pounding train sequence — and expert blocking. Sequences of Margaret simply walking through a crowded TV news set have the intricate construction of an old Hollywood musical number.",critique,
“Disclosure Day” is an old man’s movie. I don’t mean that in a derogatory or ageist way; I mean that this is a film the director could not have made in his younger days. Because every skill he acquired back then is now being used to shape and inspire his most recent work. There’s the perspective of a wiser,critique,
"This stellar thriller is a deliriously pointed cautionary tale about the perils of getting what you want, and an instant contender for classic midnight-movie status. Poking and prodding viewers in order to challenge their feelings about the “moral obligation” partners have to each other, Curry Barker's theatrical debut is the best kind of nightmare: relatable, knotty, amusing, and absolutely unhinged.",critique,
"Curry Barker’s “Obsession” is consistently f-ed up, and I mean that as a compliment. I see so many horror movies that threaten to get weird and gnarly, only to pull their punches right when shit gets real. Barker pulls nothing, getting darker, creepier, and bloodier with each passing scene in this study of extreme dependence. Some of the performances are a bit clunky, but that almost makes it more charming, a reminder of how great it can be when a horror movie sneaks up out of nowhere and punches you in the face. I was unfamiliar with Barker’s previous work. I plan to seek it out now. With the right studio, this movie should break him big.",critique,
"At its rotten core, the character of Nikki is what makes Obsession so relentlessly scary. Upon its eventual release, much attention will likely spotlight Barker’s penchant for shocking gore and next-level jump scares. But the film’s purest horror lives in its fleeting glimpses of Nikki’s existential torment and Bear’s unforgiving burdens of grief and regret. On the page, this might just look like A24 horror filtered through a Gen Z lens. But in practice, it’s something altogether new: a brutal, expert vision of the next generation of hardcore horror. And don’t kid yourself—you’re not ready. I sure wasn’t.",critique,
"Obsession is a new modern horror masterpiece that makes Barker one of the latest voices in the genre to keep an eye on as he knocked it out of the park with this one, creating as interesting, engrossing, dark film that ranks up there with Zach Cregger’s Weapons as one of the best horror films of the decade so far. Johnston and Navarrette are brilliantly cast in this film, with Navarrette delivering the stunning performance that will rank as one of the best by year’s end, alongside the film’s impeccable sound work, expert editing by Barker, and killer score by Rock Burwell.",critique,
"I loved watching Obsession in a packed theater. The collective gasps, jumps, and nervous laughter created the kind of tension-filled atmosphere that reminds you why horror plays best in a theater. It’s rare for a film to hold an audience in that kind of shared tension from start to finish. Overall, Obsession turns a seemingly simple premise into a nerve-rattling exploration of love, control, and unintended consequences. It’s unsettling, unpredictable, and proof that sometimes the most terrifying thing isn’t the supernatural force behind a wish, but the human desire that made the wish in the first place.",critique,
"Like the Philippou Brothers, who also came from YouTube to make the horror hit 'Talk to Me', Barker has a passion for the visceral repulsion of head-smashing and in one particularly nasty scene, knows how to make the aftermath even harder to watch, and listen to, than the event itself. His shocks are brutally efficient but as a director of mostly shorts, he’s still yet to master pace. There’s something a little indulgent about the film’s 108-minute length, which in the last act adds bagginess to what could have been a tightier, punchier horror. Barker is no by means alone with this issue in the genre, though, and he’s got time to figure that out with super-producer Jason Blum signing Barker up this week. It’s the kind of dream ascent that any film-maker would wish for.",critique,
"Obsession doesn't have a particularly surprising plot, but the way it's shot is innovative. Utilising his meagre resources to the max, Barker pulls off at least one impressive and gory jump scare that is sure to shock audiences. Sincere, fresh and darkly funny (Bear's call to the ""One Wish Willow"" helpline is hilarious), this is an impressive film from Barker that begs the question, ""What could he accomplish if he had a proper budget?"" Be careful what you wish for.",critique,
"Obsession takes you on a wild ride. While Monkey’s Paw scenarios often yield predictable outcomes, and this outcome is practically telegraphed from the start, Barker manages to surprise with the journey itself. And it’s one insane journey paved with blood-soaked violence and no shortage of nightmare fuel. Barker acknowledges other wish-fulfillment horror, like Wishmaster in a throwaway line, but puts his stamp on the niche subgenre with frightening flair.",critique,
"In the workplace, this would be called progress. On the screen, it’s a setback. Everyone, even Miranda, is a bit too, well, nice in “The Devil Wears Prada 2.” We should relish every Streep performance. It’s been five years since she had a major role in a movie; a once constant joy of moviegoing has turned infrequent. I wouldn’t begrudge anyone who just wants to see her and these actors together again. But the movie, well stocked in Prada, could have used a bit more of Streep’s unflappable devil.",critique,
"Costume designer Molly Rogers replicates the first film’s ethos of bland but easily marketable looks, with plenty of corsets worn over crisp, white shirts and a T-bar necklace permanently around Andy’s neck. To the film’s credit, there’s also real style tucked into the periphery, as characters breeze past Richard Quinn florals and Lady Gaga, still in her Tim Burton demon era, performs on a runway of models in loose, patterned Seventies gowns and oversized hats. It’s a compromise. But, then, that’s what The Devil Wears Prada 2 has turned out to be all about – it’s artistry snuck in beneath the commerce.",critique,
"In 2006, The Devil Wears Prada had no conception of being a time capsule for the golden days of magazine publishing — the might of Runway (and by extension, Miranda) was accepted as an rock-solid fact. The sequel’s choice to engage so directly with the way things have changed for the industry is technically a smart one. Except that after devoting so much screen time to the harsh truths about the state of “#content,” McKenna and director David Frankel still want a happy ending, and the one they come up with is a real deus ex machina move.",critique,
"So, yeah, this sequel has its moments of fun. It may also serve some as a sobering reminder of how change no longer moves at a glacial pace since Andy Sachs first entered the glass doors of Runway and learned the ropes. Once upon a time, this sequel would have been the highlight of Fox’s release year, making millions that would have been funneled into a wide variety of other projects. Now, it’s ultimately destined to be just another thumbnail on a streamer, algorithmically nestled between a NatGeo doc on penguins and either a Star Wars or a Marvel franchise entry. Oh, don’t be ridiculous, some might say. Everyone wants this. Do we, really?",critique,
"By design, “Jay Kelly” strikes an uneasy balance between moving forward and being stuck in the past. The long and emotionally imprecise flashbacks are meant to act as headwinds for a story about a man careening out of control, but none of them crackle with Baumbach’s usual wit, and all of them suffer from a slightly elevated tone that only serves the “unreality” of Jay’s life by making every part of it even harder to believe.",critique,
"As a filmmaker, Baumbach is sharp enough to call out the clichés of his trade, but also generous enough to put them to good use anyway. Regardless of context, Clooney is always better dressed and more flatteringly lit than everyone around him: even sitting on a bouncy TGV with a bottle of mineral water, he looks like he’s in an ad for San Pellegrino. At one point, Jay irritably explains the secret to making an audience cry is for the actor not to cry, and then a few minutes later makes you cry by doing just that. The final scene is a knockout, and pushes the conceit almost to breaking point; then goes beyond it, and gets away with it. Bravo, Jay. Sorry, George. Or whoever.",critique,
"Everybody loves George Clooney, and rightly so. His performances in films such as Michael Clayton, Out of Sight and Ocean’s Eleven have been a joy, and as an elegant public figure he has more or less single-handedly underwritten the continuing currency of Hollywood classiness. But in this dire, sentimental and self-indulgent film, he has the look of a man who has found strychnine in his Nespresso pod and can’t remember which of the cupboards in his luxury hotel suite contains the antidote.",critique,
"Like Cary Grant and Gary Cooper, two stars whose names are invoked here, Clooney seldom strays too far in his movies from his long-established persona as the handsome everyman. However, if he is playing yet another variation on himself in Jay Kelly, at least he’s doing so in a far more raw and revealing way than he has ever done before. That’s why a film that looks in its early scenes as if it’s going to be unbearably smug ultimately tugs so hard on the heartstrings.",critique,
"what distinguishes Jay Kelly is also what drives Jay Kelly: the Teflon charisma of Clooney himself. Almost none of the incidents and memories that cut into Jay’s sense of self are dramatic or sensational in their own right. He’s not a neglectful monster. He clearly loves his kids. He means well. He wants the people around him to have their own lives. The cross-section of ordinary citizens who wind up in the same train car with him clearly adore him, and he’s very outgoing and pleasant with everybody, even heroic at times. Jay is a good guy! He likes being liked. So the possibility that at the end of it all he might have robbed the people around him of their own lives is a powerful notion we ourselves might find as hard to accept as he does; Clooney plays it all so cool that he and the movie both sneak up on us. This is the role of a lifetime, on many levels. And he delivers the performance of his life.",critique,
"Why The Great Dictator is my favorite film
Discussion
In general, I don't have favorites as such. What's your favorite song? I can't pick just one song. There are just so many and they're all good for so many different reasons. But The Great Dictator with Charlie Chaplin is my favorite film. Here's why.

It's genuinely funny. Really funny. Not like ""Hm, that's funny."" funny but ""HA HA HA!"" funny. The scene where Chaplin does Hinkel, as he orates his speech, kills me. Charlie Chaplin doesn't speak German. It just sounds like German. That's not easy to do. At least not like how he does it. It's comedic genius. And they don't feel the need to spell out the joke every time like they tend to do now. After his vicious tirade against the Jews done in mock German, the narrator says ""His excellency comments on the Jewish people."" It's funny for what is not said. He made silent films well into the time of ""talkies"". But he's so funny out loud. It's a wonder he didn't do more. He's funny, charming and he has a very nice speaking voice. He could've had a career doing voice work. But this was his only talking picture.",critique,
Perfect Blue is one of the worst highly rated movies I've ever watched.,hot take,
"“it was out of ownership over her” you got it, the perspective of the stalker. Thats what idols face ? the movie puts us in an idols shoes. Someone who’s entire life is dependent on appearances and being controlled. The manager cried because she projected onto her client (the main character), which leads to the twist. Did you miss the entire twist of the movie and how Mima was never in control?

this movie puts you into the shoes of the dark side of the idol industry better than anything thats ever been made, it doesn’t glorify anything

the editing and directing is supposed to make you feel lost and lose track of time, making you feel what Mima feels. But its never because if ghosts or even mental illness, its because of outside factors forced upon her. Want a promotion? Do this. Want a career? Film this scene. The people that are supposed to care about you? Nope the manager used her to project her own career failures.",critique,
"The main point I will raise is that Perfect Blue is not just a critique of the ""industry"", it's specificity a critique and reflection of Japanese idol culture of the era. It demonstrates the dark side of how fans, management and idols themselves view the industry and people in it. It is a common path for young girls who started in the obsessive world of clean-cut idols to try and shed that persona and move into more ""respectable"" acting roles and other parts of the entertainment industry. Perfect Blue shows a lot of what is wrong with both sides of those industries, and what it does to the young women trying to find their ""identity"", while contending with everyone else in their life who have their own image of what their ""identity"" should be.

Also, raising that the director is a male is a really irrelevant and degrading argument for disliking the film. Perfect Blue is not a ""rape fantasy"" and never presents itself as that. It's belittling to filmmakers and their work when you decide that certain people are not allowed to tell certain stories.",critique,
"Crime 101 (Bart Layton, 2026): I love crime movies. I watch all genres, sure, but like - everyone has that specific genre or subgenre they're partial to, and me? I love a good crime tale. I was born in the early 90s and so grew up with a fairly steady stream of these mid-budget, stacked-cast crime drama and/or thrillers, and I really miss that era. Movies like Gone Baby Gone, Mystic River, Training Day, Cop Land, etc. Now, Crime 101 is in no way at the level of those movies, or other classics from that era, but it did give me a slightly warm, nostalgic feeling just to get this type of movie at all. And it's...good. There's really not much to say about it; it's a stylishly directed crime thriller with solid performances across the board from its star-studded cast. It's close to 2 and a half hours, so I assumed it would get tedious, but honestly it's pretty watchable throughout. It's a little unfocused - it pursues a lot of various subplots, some of which it just forgets about for large chunks of the film. It reminded me of a much baggier version of The Town, as a point of reference. The other thing that really dragged this down for me is that the script has characters act out of their character as a matter of plot convenience, increasingly so as it ramps towards its unsatisfying conclusion - so while it's enjoyable, it ends on a whimper rather than a bang. So, I would probably recommend you just watch a better crime thriller, if you need something new, this will fit the bill and ultimately do the job. 3/5",critique,
"he Holdovers. This century's Dead Poet's Society


Upvote
1.9K

Downvote

Reply

Chessh2036
•
9mo ago
I was so bummed when Paul didn’t win Best Actor but can’t argue with Cillian.


Upvote
268

Downvote

Reply

u/No-Helicopter-3790 avatar
No-Helicopter-3790
•
9mo ago
I love Cillian's work in Oppenheimer but I do think Giamatti gave the better and more dynamic performance. Giamatti also had a lot more to work with, script-wise. I know that's maybe an unpopular opinion but I stand by it.

In any other year where he wasn't going up against Oppenheimer I think he takes it.",reaction,
"Prey (2022)

I was expecting it to be another “turn your brain off” Predator movie, but it had me on the edge of my seat the entire time.",reaction,
"Maybe it’s because I don’t watch many animated movies, but Spider-Verse, its sequel, and Flow are absolute gems that really stood out then and for some time.


Upvote
1.1K

Downvote

Reply

u/PornoPichu avatar
PornoPichu
•
9mo ago
I loved Flow. I’ll never watch it ever again. Knowing the movie would obviously make the experience different for me, but I was so fucking tense and on edge the entire movie. When it ended, I just cried. For like a lot of reasons. I think primarily just to release all the tension that had built up. But like, every little thing in that movie really just got to me. I think a major part of it is because I have a dopey black cat and I just know he wouldn’t be able to survive through any of that and I was just probably thinking about him the whole time.

Either way, great movie, but just too draining for me. I had to go to sleep early after haha. Glad my household didn’t go see it at our local theater, I would have been a wreck in public lol",reaction,
"1917; so beautiful, captivating and well shot!


Upvote
351

Downvote

Reply

u/jasonandhiswords avatar
jasonandhiswords
•
9mo ago
This was my first thought, too, but I think this one was 2018 or 2019. It's absolutely incredible, though",reaction,
"The Banshees of Inisherin - Something about this one just clicked for me. Can't quite put my finger on what it was exactly.


Upvote
1.3K

Downvote

Reply

Ex_Lives
•
9mo ago
This movie has one of the most powerful scenes of casual dialogue I can ever remember. I don't know why it hit me so hard.

He's in the middle of a meltdown talking about someone talking shit at the tavern and his sister asks ""They weren't talking about me were they?""

And it paused his meltdown and he says ""Who would have a bad word to say about you Siobhan?"" He says it so casually like she's crazy for thinking that and she takes it as this sweet compliment.

It comes and goes in a flash but I don't know why it stuck with me. Movies great. Beautiful location too.",reaction,
"
The Wild Robot.


Upvote
908

Downvote

Reply

Salzberger
•
9mo ago
My kids made us go see that at the cinema. We weren't ready, lol.


Upvote
147

Downvote

Reply

u/CambridgeRunner avatar
CambridgeRunner
•
9mo ago
‘Sure, I’ll take you to see this kids’ film, I’m sure I’ll find it entertaining enough OH MY GOD MY HEART’",reaction,
"Zone of interest.
I’m German in my mid 40s and in school we watched every movie imaginable that dealt with nazi germany and the holocaust. And I considered myself rather used to the topic and it didn’t have much of an emotional impact on me. Like for example, ""Der Untergang"" was completely boring and uninteresting to me and I can’t grasp how this got so much public interest.

But zone of interest shook me to the core. It made me so angry… so fucking angry. I can’t remember if I had been so angry anytime in my entire life. And in my opinion that’s what great movies do, they make you feel. Not necessarily anger, but raw emotion and I there haven’t been many movies that did it that well for me than this one.",reaction,
"I’m the child of a history fan (always a documentary on) and military family that participated in WWII. I was just done with WWII films and documentaries, I just thought there was nothing new to bring to the table. Then my partner was assigned Zone of Interest for a class on sound.

That movie has changed me. The sound, the actors, the visuals… I always understood things before but I’d never gotten deeply upset at WWII because it was so far removed from when I was born. I’ve tried to get everyone I know to watch the movie.",reaction,
"Shoplifters by Kore-eda. A movie that questions the concept of family. Also, Portrait of a Lady on Fire by Celine Sciamma. A quiet, beautiful love story.",reaction,
"Guess I'm on my own, I thought both Dunes were great and rewatch them pretty regularly, the music is fantastic as well IMO.",reaction,
"Sinners - the dance scene blew my mind


Upvote
296

Downvote

Reply

dnotive
•
9mo ago
I came here to say Sinners. There are very few scripts in recent memory that have felt as tightly written as that one was. Everything about it felt like textbook good writing in terms of pacing and payoffs. I was pleasantly astonished at literally every point in the story.",reaction,
"Jojo Rabbit. Hilariously funny one moment, then devastatingly sad the next. It's a fantastic film.


Upvote
283

Downvote

Reply

Atalung
•
9mo ago
2019 so a little outside the window but also the last of Taika Waititis good movies. If you haven't seen it Hunt for the Wilderpeople is really good too!",reaction,
"The Substance.

The absolute minute of pure silence in the packed screening, once the credits began to roll. We all just took a moment to fully take in what we’d just experienced.",reaction,
"Promising Young Woman - it really stayed with my afterwards.

Incredible performance from Carey Mulligan.


Upvote
179

Downvote

Reply

Plenty-Daikon1240
•
9mo ago
Yes, I commented that one too before seeing your comment. A movie everybody should watch",reaction,
"Weapons, sinners, sorry baby... this year alone. All these films are familiar stories told in very compelling ways.

Oppenheimer was top notch acting and music.

If you like top gun 2, you'll probably like f1.

Top gun 2 didn't wow me, but to each their own.

There are plenty of movies every year that are really good, but most movie going public only go to see blockbusters. Just about everything that was mentioned was at least interesting, so lots to choose from.",reaction,
"Hundreds of Beavers


Upvote
153

Downvote

Reply

u/vancesmi avatar
vancesmi
•
9mo ago
I almost skipped this because it was playing on a particularly cold and rainy night and I was already drained from work. So glad I powered through for it. 

It took the audience a few minutes to warm up to the film, but by the end it was just nonstop gut busting laughter from the whole place.",reaction,
"Civil war

The zone of interest

1917

All super depressing, sorry! For a more uplifting one, try Marcel the Shell with Shoes On

Edit: I guess the thing these movies have in common is I can genuinely say I’ve never seen anything quite like any of them.",reaction,
Everything Everywhere All at Once stuck in my mind the longest. Def also had the most conversation in our group that went to see it compared to things like Oppenheimer,reaction,
"Weapons was good.


Upvote
253

Downvote

Reply

u/YellowSpoon123 avatar
YellowSpoon123
•
9mo ago
I thought that too. Also Sinners and the Invisible Man remake.


Upvote
77

Downvote

Reply


7 more replies
AlphonzInc
•
9mo ago
Just saw it an hour ago. Lots of fun.


Upvote
7

Downvote

Reply

u/Brap_Zanigan avatar
Brap_Zanigan
•
9mo ago
What a twist. Blew my mind. Loved it. Wife is on the fence. Such a great movie to know nothing about other than the kids disappearing which is in like the first 60 seconds.


Upvote
22

Downvote

Reply


10 more replies
[deleted]
•
9mo ago
I love those kinds of ""theater experience"" type movies. The crowd was gasping at times and laughing at others.

Maybe it got a little silly at the end with the witchcraft and kids slamming through the windows, but there was so much cheering and laughter, just a lot of intense fun.",reaction,
"
For me it's RRR. I didn't watch it for a year thinking it's going to be bad. But how wrong was I, even my wife loved it (she is so hard to please when it comes to movies)


Upvote
71

Downvote

Reply

ProgressUnlikely
•
9mo ago
Now that is a MOVIE. The action scenes were truly EPIC. Visually stunning. Made all the superhero movies look tame as hell.",reaction,
"Twinless. Indy film. Just saw it last week and I thought, wow, what an original film and great acting! Haven't walked out of a movie feeling that in a while.",reaction,
"Poor Things was startling and pretty great.


Upvote
196

Downvote

Reply

u/highonkai avatar
highonkai
•
9mo ago
It was so good I watched the Lobster right after and the Favourite, Killing of a Sacred Deer and Dogtooth in the next 2 weeks",reaction,
"The Life of Chuck. Man the marketing failed on this and I wish more people had seen it. I loved it. Based on a novella by Stephen King and directed by The amazing Mike Flanagan of Netflix Hill House and Usher fame. I love about everything that man does. I think King is brilliant but I prefer his non horror stuff. It stars Tom Hiddleston and Mark Hamill.

It flips the usual structure on its head by telling a man’s life backwards... starting with the end of the world tied to his death, and peeling back layer by layer until we reach his childhood. Instead of being depressing, it felt strangely uplifting. It’s about finding beauty in ordinary moments...dancing on a rooftop, playing drums as a kid, the quiet joys that make a life worth living. Even though it brushes up against death and apocalypse, the story ends up being more about gratitude, memory, and celebrating a single person’s impact",reaction,
"I didn't expect to like Better Man as much as I did because I've never been a fan of Robbie Williams or his music. I was completely surprised by this film and would suggest people watch it even if you don't know a thing about the guy. The movie is more than a biography, it stands on its own as a complete story with a message I think many would resonate with.",reaction,
"Most recent wow movie for me was Sinners. It's really great.


Upvote
31

Downvote

Reply

Earl_E_Byrd
•
9mo ago
Scrolled surprisingly far to find this. It's definitely one of the better films from this year. 

I went in expecting to like it. I was ready for some vampire camp. But I was NOT ready to come out loving it the way I did. Super fun viewing experience, my theater audience was great, good story and characters, some of the best acting I've seen from Michael B, and definitely a new favorite soundtrack. ",reaction,
"Does 2019 count as recent? Parasite caught me by surprise. I don't always like Oscar winning movies but it is an incredible film. The script, pacing, acting... everything is chefs kiss.",reaction,
"28 Years Later

Wife and I watched it last night to enjoy how bad it would be, only to be blown away by the emotional depth and moved by the message.",reaction,
"Anora

Bring Her Back

Kneecap

Bones and All

Aftersun

¡Casa Bonita, mi Amor!

And it's just out of range, but The Sound of Metal

I have a ton of really solid ones to pick from though, it's been a hell of a decade for film thus far.",reaction,
Everything Everywhere All At Once. I've loved movies my entire life and I never expected something so weird and manic to find the level of success it did.,reaction,
Spiderverse movies - that’s where animation is better than live action as it becomes a key storytelling tool. Was blown away,reaction,
"1917 (although it came out in 2019, you did say five years or so). It's a phenomenal movie that I was blown away by, and pretty much the greatest war movie I've ever seen. The emotional impact is staggering",reaction,
Killers of the Flower Moon absolutely blew me away. I didn't think that after all this time a movie could capture me the way it did. I was completely engrossed.,reaction,
"Top Gun: Maverick revived an entire genre. It was must-see a theatrical blockbuster, like they did in the 90s and 2000s.",reaction,
"Poor things!

Went into it completely blind, after a colleague mentioned that she was looking forward to seeing it. And boy howdy, is that an… interesting movie. I even went to see it again shortly before it left theatres. Loved it even more the second time.",reaction,
Mars Express.   A criminally underseen movie.   One of my top 3 films that year and there's almost no discussion of it anywhere ,reaction,
"BEAU IS AFRAID (2023)

Many didn't like it, but I loved it for being so bizarre and telling this story. It's a film that talks about how a toxic relationship with our parents can really destroy us and tells it to you with absurd scenes that you hardly forget.

The ""stage show"" part is visually stunning and the final scene + credits destroyed me emotionally.

I think that the hatred of some is due to the fact that many expected from Ari Aster something more similar to his previous works (Hereditary, Midsommar) but instead they found something exactly opposite.

If you haven't done it, get it because it's really worth it",reaction,
"Warfare (2025)

I wasn't expecting A24 go pull that movie off, but it turned out to be an incredible movie. One of the few recent war films I thought was actually really damn good.",reaction,
It’s not going to win awards but I thought Warfare was incredible. I’ve talked with several people who’ve seen combat and they all have mentioned how real it makes everything. Such an intense movie,reaction,
"Heretic. My wife and I watched it together and are still talking about it, months after watching it. Hugh Grant's performance is immaculate.",reaction,
"Sinners was fantastic for me personally. I know this will sound bad, but I feel like the movies lately have been all ""tell not show,"" and it makes me feel like Im watching plots for morons. Nothing has made me think or feel recently, and I desperately want to.",reaction,
"What movie did you turn off after 20 minutes and why?
Discussion
I’ve realized that life is way too short to sit through a movie just for the sake of finishing it. If a film hasn't given me a reason to care about the characters or the stakes within the first 20 minutes, I’m out.

For me, it was Rebel Moon. It felt like a long ass screensaver with zero soul. I don't care how big the budget is or how much slow motion you use if the writing isn't there, I’m not gonna care and I am not wasting my evening.",reaction,
"After earth is the only movie I’ve ever walked out of


Upvote
3.1K

Downvote

Reply

fox-equinox
•
5mo ago
My late boyfriend left behind a hard drive of thousands of movies, and I promised I would watch all of them. He was a film major. I just watched this movie last night since I'm going through it alphabetically, and oh my god it was so awful. I only did it for love.",reaction,
"Holmes and Watson, starring, Will Ferrell and John C. Reilly. I knew going into it that it was supposed to suck, but I like watching trainwrecks for the fun of it. This was god awful. I can usually finish a movie to the end but this one tested my limits, hard.",reaction,
"I saw it for sale and thought “why haven’t I heard about this movie?” I bought it because it just had to be awesome, right? Will Ferrell and John C Reilly can’t fail in a ridiculous comedy. Step Brothers is one of my favorite movies. Well they failed. It wasn’t remotely funny and seemed like they were trying too hard. I watched the whole thing but I can’t tell you anything about it.",reaction,
"Star Trek: Section 31. I tried for like 15 minutes, before my brain just said, ""nope!"".


Upvote
1.1K

Downvote

Reply

u/albuhhh avatar
albuhhh
•
5mo ago
I'm a fairly hardcore Trekkie who even has time for Nemesis, Insurrection, and The Final Frontier (while freely admitting they are not good movies). Section 31 is the first one I ever punched eject on.",reaction,
"That forgotten Fantastic Four from 2015. I didn’t turn it off but rather fell asleep. It’s so damn boring, nothing grabs your attention.",reaction,
The Camilla Belo Cinderella remake. My wife and I love watching bad movies together but this was another creature altogether.,reaction,
"The second Wonder Woman set in the 80s, whatever its title was. I just couldn’t do it. The slap stick comedy was just so bad. 


Upvote
1.6K

Downvote

Reply

u/wiltony avatar
wiltony
•
5mo ago
I legit thought the campy opening was a parody or something that they were going to transition out of to start the ""real"" movie. Color me surprised that it just kept going. ",reaction,
"Rebel moon was so dull I got up to get something from the kitchen then just forgot I was watching it, came back from other room to see credits rolling.",reaction,
"Avatar the last Airbender movie, good lord it was a piece of shit.


Upvote
1.1K

Downvote

Reply

Upbeat_Tension_8077
•
5mo ago
The scene where it took a whole group of earthbenders to fling a fucking pebble was so pathetic lol",reaction,
"You’d think that just statistically by accident they’d have gotten at least something right, but every single aspect of the movie sucked.

It’s even more impressive when you consider that it is an adaptation so the entire story was literally already written.",reaction,
"The Secrets of Dumbledore. From a drive-in theater. We made it as far as Newt saying ""we have to be as confusing as possible"" and realized immediately that was an in-universe excuse for horrific writing.

I ended up watching the whole thing later on a whim, and yeah. We were right.",reaction,
"The new War of the World's movie. It's so bad....


Upvote
558

Downvote

Reply

Upbeat_Tension_8077
•
5mo ago
I only saw a compilation of Ice Cube's reactions throughout it on YT & I'm sure that's the only way to enjoy it


Upvote
262

Downvote

Reply

LegioX87
•
5mo ago
The whole movie was filmed during COVID isolation and they filmed the entire film via Zoom and Ice Cube doing stuff alone in an empty street to comply with the isolation rules.

They then edited the movie, realised how shit it was and shelved it for years. The only reason they released it was because it was a complete movie Amazon had already paid for years before.",reaction,
"The Dark Tower. What a letdown.


Upvote
217

Downvote

Reply

u/No_Mammoth_4945 avatar
No_Mammoth_4945
•
5mo ago
Imagine a movie with Matthew McConaughey and Idris Elba being bad. Unbelievable writing decisions


Upvote
141

Downvote

Reply


14 more replies
raddit-sux
•
5mo ago
A person near me at the theatre said during the credits, ""Wow. I can't believe ron howard spent his money on that"". That is still my favorite review of the movie.",reaction,
"We made it about an hour in but ""65"", the movie about Kylo Ren time traveling to the Dinosaur age.

It was...not good.


Upvote
1.3K

Downvote

Reply

u/DSice16 avatar
DSice16
•
5mo ago
I went into that movie thinking ""idgaf about the story, future man with dinosaurs? How can that not be fun?"" Well it wasn't fun at all.


Upvote
696

Downvote

Reply

u/ZebraSandwich4Lyf avatar
ZebraSandwich4Lyf
•
5mo ago
Seriously I knew nothing about the movie going into it other than ""modern day people get stuck in prehistoric era"" and thought it'd be awesome.

Nope, it was fucking terrible. Such a fun premise ruined by a colossal lack of creativity.",reaction,
"During Joker: Folie á Deux, my father fast-forwarded the movie mainly because he got annoyed at the singing throughout the thing (keep in mind, that he never was a musical person at all).

And I understand why he skipped through the whole thing....",reaction,
"When I was a kid I went to see Star Wars: Attack of the Clones in theaters with my dad.

He made us leave part-way through the movie after one of the Anakin/Padme scenes. I think after they were rolling in a field? I remember him saying “this isn’t Star Wars.”

Not like I’m a huge fan of Episode II now or anything…but I don’t think it’s all that bad",reaction,
"Live action Mulan, didnt even last 20 min.


Upvote
101

Downvote

Reply

u/adamanlion avatar
adamanlion
•
5mo ago
Yep. The opening pissed me the fuck off. In the cartoon version she's basically a normal girl. She struggles with the military training and almost fails out. It's all about perseverance. In the opening scene of the live action she's floating around with a staff at the age of 8 and already kicking ass. Like wtf, you missed the whole plot! I turned it off right there.",reaction,
The crow(2024). What a horrible movie with a great trailer and lead actor. Something must have been fucked up behind the scenes for that movie to be such a mess,reaction,
I don’t think I made it 20 minutes into the Jurassic World movie where Chris Pratt chases dinosaurs on horseback like a cowboy,reaction,
"The Rock is a terrible actor compared to John Cena and Batista
Discussion
I've been watching lots of movies lately which some involved these 3 actors and I've come to the realization that The Rock is a terrible actor

like he actually doesn't even act he does the same things reactions talk faces for every movie and calls it a day

while on the other hand both John and Batista showed very good acting in recent work they've done

for example Peacemaker John absolutely killed that rule he did a very good job with the character that I doubt Rock can even reach half of it",hot take,
"Wallace and Gromit saved wendslydale cheese. They were going out of business, then one word in ‘A grand day out’ made so much interest from the public that it saved it.",hot take,
"Ray Bans became quite popular after Risky Business.

The Navy became quite popular after Top Gun.",hot take,
"Jaws is the classic answer to this. It created a lot of fear of sharks/ocean.

I think Super Size me shifted people's perspective on fast food. It got McDonalds to ditch the super size branding, and Wendy's to retire the Biggie size branding

Office space made TGIF get rid of their flair, and forced Swing line into actually producing a red stapler. Also increased aggravated violence rates against office equipment

",hot take,
Navy recruitment spiked with Top Gun. The Navy even apparently set up recruiting booths outside movie theaters.,hot take,
"
Splash started the use of Madison as a female given name.


Upvote
840

Downvote

Reply

u/q51 avatar
q51
•
4mo ago
Not a film, but the same is true of Samantha in Bewitched, apparently


Upvote
310

Downvote

Reply

u/mnorri avatar
mnorri
•
4mo ago
Wendy was popularized as a feminine first name because of Peter Pan.


Upvote
293

Downvote

Reply

u/StupidLemonEater avatar
StupidLemonEater
•
4mo ago
The name ""Vanessa"" was entirely invented by Jonathan Swift as a pet name for his lover Esther Vanhomrigh.",hot take,
"St Bernards took a hit with the movie Cujo even though he had rabies in the plot. But Disney's Beethoven movies helped bring it back to positive 


Upvote
183

Downvote

Reply

Silly-Purchase-7477
•
4mo ago
101 Dalmations...... dalmations were wanted and prices sky rocketed. They are very high energy dogs.....soon shelters we're overrun with Dals",hot take,
"It's claimed that undershirt sales plummeted after Clark Gable removed his shirt in 1934's It Happened One Night to reveal he was wearing nothing underneath. Snopes lists the status of this urban legend as ""undetermined.""",hot take,
"Back to the Future probably could have saved DeLorean Motor Company if they hadn't already gone bankrupt


Upvote
804

Downvote

Reply

BattlinBud
•
4mo ago
The joke was even supposed to be that it WAS a shitty car, when Doc Brown says he picked the DeLorean because he wanted the time machine to have ""style"" it's supposed to be funny how out-of-touch he is, and the fact that the car DOES have tons of mechanical problems is a constant thread in all of the movies. But you put a bunch of sci-fi stuff on it and suddenly it looks cool and everybody wants one.",hot take,
"-Final Destination 2 still has people shook about log trucks

-Jaws helped demonize sharks so badly in the immediate aftermath of the movie, I think Peter Benchley stated he regretted writing the book",hot take,
"Apparently Evolution resulted in a notable increase in Head & Shoulders sales, and they didn't even pay for the product placement.",hot take,
"Sticking with the Big Lebowski, the impression that I've always had is that white Russians are way more popular because of that movie, but I'm too young to really be able to compare.",hot take,
"This might be rather niche, but the movie Ladyhawke (1985) featured a beautiful Friesian horse (all black with long, flowing manes and tails). This breed was rare in the US at the time, so when the movie came out, prices for those horses supposedly increased drastically.",hot take,
"The opening, one-shot sequence of the James Bond Film SPECTRE (2015), showcasied a massive Day of the Dead parade around the Zócalo, in Mexico City. The  scene was so iconic it inspired Mexico City to establish an actual annual parade after tourists kept showing up year after year expecting it to be there for real. ",hot take,
"One Flew Over the Cuckoo’s Nest (the film and book) turned public opinion against electroconvulsive therapy and asylums in general

This helped lead to the deinstitutionalization movement which is part of why we have so many mentally ill people living on the streets",hot take,
"Any time there's a movie about a specific animal, there is a short lived spike in demand for that animal followed by high rates of those animals being returned/abandoned in shelters once the trend is over:

happened in the early 90's with Chimp movies, Huskies after Balto, Golden Retrievers for Air Bud, Dalmations for 101 Dalmations, Chihuahuas for Beverly Hills Chihuahua.

same reason many shelters refuse to let people adopt rabbits in the weeks leading up to easter.",hot take,
"What’s interesting is I don’t think bowling got a noticeable bump. But bluegrass music got a huge bump from another Coen Bros movie, Oh Brother Where Art Thou. 

The city of Savannah got a huge bump from Midnight in the Garden of Good and Evil.

If I’m not mistaken, Fight Club led to fight clubs. ",hot take,
Finding Nemo caused everyone and their mom to want a 'Nemo fish'. People who couldn't even care for a beta or guppies wanted a saltwater clownfish or a blue tang. The demand caused an uptake in wild caught clownfish which threatened the population.,hot take,
"Ordinary People suppodsly shifted attitudes around therapy.

Edit: Good movie worth the watch. Yes its real sad.",hot take,
"Did Sideways actually put a tangible dent in merlot sales or was that an urban legend

Edit: Thought I'd come up with an example here because turns out I can't read and didn't see it was in OP's post, my bad",hot take,
Love' is a bit of a stretch but...Mac & Me. 8 year-old paraplegic me probably identified with one of the characters I guess. Looking at it as a 45 year-old I do not see the appeal at all. It's a terrible ET rip-off with a shameless McDonald's advert stuck in the middle. Paul Rudd seems to be a fan though lol.,critique,
"10 year old me recognized that Teenage Mutant Ninja Turtles III sucked, but still thought Teenage Mutant Ninja Turtles and Teenage Mutant Ninja Turtles II: Secret of the Ooze were classics.

As an adult, the original Teenage Mutant Ninja Turtles (1990) remains a classic and a legitimately great film, but man oh man Secret of the Ooze did not age well.",critique,
"The Ewok films. Watched them on repeat as a kid, cos I liked the furry teddies. Didn't have a clue what was happening, but enjoyed the bit with the spiders in the cave. Tried rewatching as an adult, and could barely stay awake past 20 minutes. The acting, and dialogue, was awful.",critique,
"When my sister's and I were kids in the 70's, our father took us to see Hugo The Hippo at the cinema. On more than one occasion, because we just loved it. It was a glorious, psychedelic, animated, musical wonder. To this day we can all sing the theme song without hesitation.

Whenever any of us, later in life, would talk about this film to others, we got nothing but blank stares. Nobody else, it seems, had heard about this wonderful cinematic masterpiece. I half genuinely began to suspect my father of feeding us LSD and then telling us a story about a hippo.

Enter the age of the internet. I google Hugo The Hippo and discover, not only is it a real thing and I can stop suspecting my dad of child abuse, but it's available in it's entirety on YouTube. So, excitedly, I settle myself in for the treat of a lifetime. I made ten minutes. It's fucking terrible.",critique,
"
It’s a TV show not a movie, but the Greatest American Hero was completely unwatchable.

Everything except the intro/theme song was 0/10 terrible.

No wonder my parents groaned and left the room when it was on.

The theme song still slaps almost 50 years later.",critique,
"What's a 'heroic' moment from a movie you saw as a kid that you realized was actually incredibly toxic as an adult?
Question
It might just be me but when I was a kid that boombox scene in Say Anything... felt like the most romantic thing ever. rewatching it now it’s just… yikes. she literally said no and dude shows up blasting music under her window like a public guilt trip. kinda wild how movies sold this as “heroic” instead of super toxic.",critique,
"Silence of the Lambs.

It was my intro to decent cinema as a teenager. Definitely one of my top five today. But I didn’t get how absolutely creepy the men were towards Starling until I got older and was like ‘ohhhhhh…’ All the leering. The chauvinism. Doesn’t quite hit as a kid.


Upvote
29

Downvote

Reply

griffmeister
•
1y ago
Yeah, and once you're aware of that aspect of the movie, the ending is that much better when Buffalo Bill dies because he did the same thing all the other guys did. He hesitated before shooting her so he could leer at and ""covet"" her, even getting close enough to touch her hair. His hesitation and proximity let her hear his gun so she could shoot him first. If Clarice was a guy, Buffalo Bill would've shot him the second the lights went out.


Upvote
18

Downvote

Reply

u/brian5476 avatar
brian5476
•
1y ago
Yeah, just watch the head of the Baltimore asylum change when Clarice turns him down. He gets real cold after that.",critique,
Mrs. Doubtfire. When I was a kid it was funny because Robin Williams is funny and the whip cream on his face and the burning clothes. But as an adult its actually sad because its about divorce and him not having custody of his kids. I feel like I didnt understand the adult side of this movie too well when I was a kid.,critique,
"City Slickers. I watched when I was a teen, and it was a fun, silly movie. I watched it again, shortly after turning forty, and it made absolute sense.


Upvote
22

Downvote

Reply

u/InformedTriangle avatar
InformedTriangle
•
1y ago
•
Edited 1y ago
Alright I haven't seen city slickers since I was 8 or 9 but I loved it, just turned 40, going to watch it tonight based on this comment. You better not be letting me down :p

Edit: oh dear God only 10 minutes in and the look when everyone congratulates him on his 39th birthday is hitting home hard already, good call


Upvote
3

Downvote

Reply

u/VinnieMcVince avatar
VinnieMcVince
•
1y ago
Right!?! The movie absolutely nailed the various midlife insecurities many guys have. I can't speak for women, but maybe someone else can.",critique,
"Goofy Movie


Upvote
26

Downvote

Reply

u/HRslammR avatar
HRslammR
•
1y ago
Me as a kid: man goofy just doesn't understand that he wants to get rhe girl man. These power line songs are pretty solid.

Me as a dad: man the kid just doesn't understand he wants to be in his son's life. These power line songs are still solid.


Upvote
21

Downvote

Reply

sharrrper
•
1y ago
I was always like, could we maybe just reschedule the fishing trip? The lake isn't going anywhere. The convert is a one-time event. Do the concert and then go fishing in like two weeks. Why does this need to be a battle?",critique,
I've had multiple friends who were teens when family vacation was released tell me they now feel like they are Clark Griswold. The domestic life is insane. You watch these movies that mock domestic routines and then you realize you just spent 20 minutes taking to your neighbor through a wood fence about bathroom caulking. It isn't funny. The movies are mocking the inevitable series of humiliations that await us all. ,critique,
"Teen Wolf. As a teenager myself, I just found it funny. A guy turning into a werewolf! As an adult I found out it was about puberty itself. Hair growing in odd places, stupid decisions, not being able to control your own behavior, the urge to impress everyone, especially the girls, and that hilarious bathroom scene! ",critique,
"Quadrophenia

I absolutely love The Who, and the album is my favourite of all time, so I will always enjoy the film for the music alone...

But, last time I watched it, couple of months back, it dawned on me what a pathetic, creepy little person the main character, Jimmy, is - Borderline, if not actually, stalking Steph the whole film.

And Steph herself, never clicked before what a total pr*ck teaser she is.",critique,
"As a teenager, I loved Short Circuit when it was popular. I watched it recently with my son, and it does not hold up well. Many jokes fall flat, and Fisher Stevens' portrayal of a middle Eastern computer nerd is cringeworthy now.


Upvote
3

Downvote

Reply

sharrrper
•
1y ago
middle Eastern computer nerd

It's been a while since I've seen it, but isn't he supposed to be Indian? He's doing a very ""Apu"" Hindi accent as I recall.

Say what you will about the movie, but the actual robot they made as more or less the main character has got to be one of the most impressive in film history for my money.",critique,
"Feel you on Groundhog Day though one of the morals is that life is as benign and hum drum as you let it be. He abuses the cycle at first but then he starts to start taking stock of the little moments and enjoy himself. Predictability isn’t bad - being on autopilot is. I’m guilty of that and looking forward, or wishing I did things differently but I pull myself out of it because there’s nuggets of gold and good memories to be made even in the mundane",critique,
"500 days of summer is a movie that has changed several times for me over the years

Watching the movie as a 17 year old made me totally side with Tom and I had serious issues with how Summer treated him. Got older and realized the actual message of the movie which is that she made it clear from day 1 she didn’t want a relationship, he agreed but still was in love with her and clearly wanted more. The fact that his introduction scene revealed that he completely misunderstood the Graduate says a lot

But now I realize that they were both at fault. Yes he clearly fell in love with an idea of her rather than the person, but she also gave him VERY mixed signals. She knew that he wanted something more and still pursued a relationship. She told him she just wanted to be friends but then made out with him in the copy room

It’s basically a relationship between two people that really should have never gotten together but were not emotionally intelligent enough to figure it out",critique,
"What movie were you once terrified of watching and then realized it wasn’t so scary rewatching (or for the 1st time)?
Discussion
What movie freaked you out that you realized wasn’t so scary after all, whether that’s after rewatching it years down the road OR finally bringing yourself to watch it.

Obviously technology has advanced so the older movies may not be the same “scary” compared to newness, but maybe it’s because the topic isn’t as scary to you anymore. For example: The Birds (Hitchcock) terrified me because I was scared of birds as a kid, now I don’t mind.

Mine are:

the exorcist

child’s play (Chucky)

the birds

the invasion of the body snatchers

the great mouse detective

Still scary lol

the killer whale and seal scenes in the penguin & the pebble

the clown scene in the brave little toaster

the house on haunted hill

wait until dark",critique,
"Getting ribbed in the comments but I kinda liked the alternate perspective. I like Bond a lot, so much I own the watch from GoldenEye, but I honestly found a lot of common ground here. For instance, with you all the way on Skyfall, it's over rated as fuck. Craig is an outstanding Bond but he really only got one truly good movie in Casino Royale, and I feel the same way about Brosnan and GoldenEye.

I don't agree with you about plenty too though, for example The World is Not Enough, I quite like that one. It's the most psycho Pierce gets to play Bond, shooting Elektra in cold blood and then making a glib joke about it while M watches in horror was bold. I know it has issues, but to say it's your least favourite Brosnan is mad when Die Another Day exists.

Since you mentioned Spectre's theme, and that you like Garbage, you might be interested to know that Radiohead made a theme for Spectre, which got rejected. It's vastly better than Sam Smith's, which I thought sucked ass, but then so did the movie frankly so Radiohead were better off without it.",critique,
"My favorite part about the franchise in its entirety is its basically a zeitgeist for what was ""cool"" at the time. Scuba diving is cool now, put it in the movie. Bungee jumping is cool now, well put it in the movie. Mixology is cool now, well we will have Bond deconstruct his drink and then construct it again, put it in the movie. However you rank the movies is your own personal opinion and I respect most of them. My personal theory for men is their favorite is going to be whatever one they watched when they were 11-12 years old will always stick with them hence why mine is The World is Not Enough. However, I do appreciate the perspective from a non-fan of the music. I agree that Die Another Day is a bop, and I also agree that the best song is Nobody Does It Better. Im happy that you made it through all of it, and also Never Say Never Again is definitely a top 4-7 Bond film.",critique,
Statistically speaking Daniel Craig is the worst Bond. He did 1 amazing movie. The rest was… so underwhelming compared to that one. But he plays a detective amazingly well. It’s like forcing in all the traditional Bond things didn’t work for him.,critique,
,,
87,,
60,,
52,,